[Header],,,,,,,,,,,,
IEMFileVersion,4,,,,,,,,,,,
Experiment,RUN437,,,,,,,,,,,
Date,02/9/2022,,,,,,,,,,,
Workflow,GenerateFASTQ,,,,,,,,,,,
Application,NextSeq,FASTQ,Only,,,,,,,,,
Assay,,,,,,,,,,,,
Description,,,,,,,,,,,,
Chemistry,Default,,,,,,,,,,,
,,,,,,,,,,,,
[Reads],,,,,,,,,,,,
75,,,,,,,,,,,,
8,,,,,,,,,,,,
8,,,,,,,,,,,,
,,,,,,,,,,,,
[Settings],,,,,,,,,,,,
,,,,,,,,,,,,
[Data],,,,,,,,,,,,
Sample_ID,Sample_Name,index,index2,SampleProject,Species,Library,Run,Machine,Platform,Date,User,Coverage
679AJ2_R1,679AJ2_R1,GCACACGA,AGAGGATA,kvalencia,mm10,NextSeq,RUN437,NextSeq,Illumina,20220902,kvalencia,10
679AJ2_R2,679AJ2_R2,TCTGGCGA,TCTACTCT,kvalencia,mm10,NextSeq,RUN437,NextSeq,Illumina,20220902,kvalencia,10
679AJ2_R3,679AJ2_R3,CATAGCGA,CTCCTTAC,kvalencia,mm10,NextSeq,RUN437,NextSeq,Illumina,20220902,kvalencia,10
680AJ2_R1,680AJ2_R1,CAGGAGCC,TATGCAGT,kvalencia,mm10,NextSeq,RUN437,NextSeq,Illumina,20220902,kvalencia,10
680AJ2_R2,680AJ2_R2,TGTCGGAT,TACTCCTT,kvalencia,mm10,NextSeq,RUN437,NextSeq,Illumina,20220902,kvalencia,10
680AJ2_R3,680AJ2_R3,ATTATGTT,AGGCTTAG,kvalencia,mm10,NextSeq,RUN437,NextSeq,Illumina,20220902,kvalencia,10
3LL_TPLKO_empty_dox_R1,3LL_TPLKO_empty_dox_R1,AACTTGAC,AGAGGATA,kvalencia,mm10,NextSeq,RUN437,NextSeq,Illumina,20220902,kvalencia,10
3LL_TPLKO_empty_dox_R2,3LL_TPLKO_empty_dox_R2,CACATCCT,TCTACTCT,kvalencia,mm10,NextSeq,RUN437,NextSeq,Illumina,20220902,kvalencia,10
3LL_TPLKO_empty_dox_R3,3LL_TPLKO_empty_dox_R3,TCGGAATG,CTCCTTAC,kvalencia,mm10,NextSeq,RUN437,NextSeq,Illumina,20220902,kvalencia,10
3LL_TPLKO_sh3_dox_R1,3LL_TPLKO_sh3_dox_R1,AAGGATGT,TATGCAGT,kvalencia,mm10,NextSeq,RUN437,NextSeq,Illumina,20220902,kvalencia,10
3LL_TPLKO_sh3_dox_R2,3LL_TPLKO_sh3_dox_R2,CCTACCAT,TACTCCTT,kvalencia,mm10,NextSeq,RUN437,NextSeq,Illumina,20220902,kvalencia,10
3LL_TPLKO_sh3_dox_R3,3LL_TPLKO_sh3_dox_R3,TACTTAGC,AGGCTTAG,kvalencia,mm10,NextSeq,RUN437,NextSeq,Illumina,20220902,kvalencia,10
679AJ2_TPLKO_empty_dox_R1,679AJ2_TPLKO_empty_dox_R1,CTACCAGG,GCGATCTA,kvalencia,mm10,NextSeq,RUN437,NextSeq,Illumina,20220902,kvalencia,10
679AJ2_TPLKO_empty_dox_R2,679AJ2_TPLKO_empty_dox_R2,CATGCTTA,ATAGAGAG,kvalencia,mm10,NextSeq,RUN437,NextSeq,Illumina,20220902,kvalencia,10
679AJ2_TPLKO_empty_dox_R3,679AJ2_TPLKO_empty_dox_R3,GCACATCT,GCGATCTA,kvalencia,mm10,NextSeq,RUN437,NextSeq,Illumina,20220902,kvalencia,10
679AJ2_TPLKO_sh3_dox_R1,679AJ2_TPLKO_sh3_dox_R1,TGCTCGAC,ATAGAGAG,kvalencia,mm10,NextSeq,RUN437,NextSeq,Illumina,20220902,kvalencia,10
679AJ2_TPLKO_sh3_dox_R2,679AJ2_TPLKO_sh3_dox_R2,AGCAATTC,GCGATCTA,kvalencia,mm10,NextSeq,RUN437,NextSeq,Illumina,20220902,kvalencia,10
679AJ2_TPLKO_sh3_dox_R3,679AJ2_TPLKO_sh3_dox_R3,AGTTGCTT,ATAGAGAG,kvalencia,mm10,NextSeq,RUN437,NextSeq,Illumina,20220902,kvalencia,10
